,word,x,y
0,asam,30.835594177246094,8.602254867553711
1,lebih,-1.5825543403625488,35.570072174072266
2,dikenal,-29.706430435180664,25.138137817382812
3,dengan,-2.82731556892395,35.238258361816406
4,dna,-1.8576759099960327,41.11101531982422
5,bahasa,-24.834819793701172,34.14977264404297
6,inggris,-12.155287742614746,20.97116470336914
7,d,0.9206028580665588,17.713584899902344
8,n,-10.120858192443848,-13.592092514038086
9,a,3.340538501739502,17.738567352294922
10,adalah,-17.71257781982422,33.517234802246094
11,sejenis,-27.304956436157227,-17.5196533203125
12,yang,-16.289270401000977,34.14344024658203
13,menyimpan,20.759044647216797,-15.05189323425293
14,dan,-10.93346118927002,30.568899154663086
15,instruksi,-27.64529800415039,-31.818405151367188
16,genetika,-20.418827056884766,-11.642311096191406
17,setiap,-3.1358983516693115,37.472328186035156
18,organisme,31.40404510498047,8.028151512145996
19,banyak,-1.7819887399673462,25.993059158325195
20,jenis,0.9662761688232422,36.010372161865234
21,virus,20.258617401123047,-15.51491641998291
22,ini,-29.162206649780273,25.95089340209961
23,berperan,14.664742469787598,-16.991743087768555
24,penting,5.363814353942871,30.117225646972656
25,dalam,-16.848770141601562,33.93401336669922
26,pertumbuhan,34.907310485839844,4.495214939117432
27,perkembangan,-25.56015396118164,26.151203155517578
28,fungsi,8.984016418457031,29.002601623535156
29,merupakan,-21.550756454467773,28.445709228515625
30,nukleat,23.97705841064453,-14.193408966064453
31,bersamaan,-27.085172653198242,-19.72028160095215
32,protein,-0.09127296507358551,36.308204650878906
33,bagi,-9.386941909790039,31.159822463989258
34,seluruh,-8.379006385803223,31.269746780395508
35,makhluk,-25.630571365356445,-15.708272933959961
36,hidup,26.14269256591797,19.21524429321289
37,diketahui,-23.759082794189453,26.166805267333984
38,kebanyakan,25.99678611755371,19.09067726135254
39,molekul,-2.8873844146728516,38.3212776184082
40,terdiri,15.501114845275879,22.88481903076172
41,dari,-18.022174835205078,30.037574768066406
42,dua,-0.08356267213821411,37.94287872314453
43,unting,-1.9584256410598755,41.123348236083984
44,berpilin,-20.95465087890625,-41.10091781616211
45,satu,-0.37833619117736816,38.43978500366211
46,sama,-0.833782970905304,35.921653747558594
47,lainnya,8.832220077514648,27.790830612182617
48,membentuk,39.19042205810547,-4.309046268463135
49,heliks,-2.9398248195648193,40.815494537353516
50,ganda,-2.892711877822876,40.79601287841797
51,sebagai,-2.636788845062256,24.861289978027344
52,polinukleotida,-15.651238441467285,-45.122886657714844
53,karena,-19.66399383544922,30.46009063720703
54,keduanya,-18.95258903503418,-41.93704605102539
55,monomer,-21.431896209716797,-39.4693717956543
56,satuan,25.455150604248047,-13.349492073059082
57,disebut,12.465128898620605,24.636598587036133
58,nukleotida,14.024619102478027,23.561796188354492
59,tiap,30.89926528930664,7.738407611846924
60,atas,9.27899169921875,26.453323364257812
61,salah,-14.139610290527344,30.060123443603516
62,basa,-1.767022967338562,40.98940658569336
63,guanina,28.175413131713867,-11.667877197265625
64,g,0.02265147678554058,17.995134353637695
65,adenina,23.339290618896484,-14.545534133911133
66,timina,17.014450073242188,23.746152877807617
67,t,1.210058569908142,16.96854591369629
68,atau,-17.861042022705078,34.204471588134766
69,sitosina,38.01062774658203,-5.57163667678833
70,c,2.8905062675476074,18.354318618774414
71,gula,24.80964469909668,16.294418334960938
72,deoksiribosa,-28.5438175201416,-18.03754425048828
73,gugus,18.468612670898438,22.3399658203125
74,fosfat,25.200559616088867,16.277273178100586
75,kemudian,-12.49504566192627,22.240201950073242
76,rantai,-2.700679302215576,41.03339385986328
77,ikatan,0.4815486967563629,37.19081497192383
78,kovalen,38.555419921875,-4.284336566925049
79,antara,-15.90615463256836,28.481332778930664
80,punggung,-27.609477996826172,-32.672847747802734
81,menurut,-3.2996411323547363,29.16199493408203
82,pasangan,-31.923992156982422,21.007164001464844
83,hidrogen,-20.248184204101562,28.789249420166016
84,mengikat,31.12141990661621,8.011249542236328
85,kedua,-0.38061341643333435,37.59428024291992
86,bersifat,29.747175216674805,-10.222158432006836
87,berarti,21.35259246826172,21.293777465820312
88,bahwa,-23.460281372070312,27.309307098388672
89,berpasangan,-24.95033836364746,-36.34881591796875
90,secara,-13.683463096618652,31.278989791870117
91,berlawanan,-3.125823497772217,-9.736259460449219
92,pada,-12.270309448242188,23.251008987426758
93,terikat,-0.4251120984554291,-11.520069122314453
94,empat,18.720844268798828,23.950572967529297
95,nukleobasa,14.606792449951172,23.511127471923828
96,urutan,-2.017772674560547,38.87641906738281
97,di,-10.610590934753418,34.59632110595703
98,sepanjang,-4.41407585144043,-9.804996490478516
99,inilah,-0.632323682308197,-50.80148696899414
100,informasi,11.938735961914062,25.578580856323242
101,biologis,17.47797966003418,23.011884689331055
102,melalui,-3.8309261798858643,37.9412841796875
103,proses,-0.637244701385498,38.00593185424805
104,transkripsi,-3.62697696685791,-9.27362060546875
105,digunakan,-1.3628106117248535,25.67807388305664
106,untuk,-14.481602668762207,31.64226531982422
107,membuat,4.61906623840332,30.684782028198242
108,rna,-1.5578609704971313,36.40983963012695
109,menentukan,10.86391544342041,29.05872917175293
110,dibangun,24.35256576538086,-16.595745086669922
111,struktur,0.2188035547733307,36.24002456665039
112,kimia,12.200901985168457,-18.55210304260254
113,ada,-4.911815643310547,32.08061981201172
114,sangat,-15.177719116210938,27.807703018188477
115,terhadap,-9.790461540222168,27.762712478637695
116,pembelahan,-28.68456268310547,-18.651159286499023
117,karenanya,16.188976287841797,-17.327550888061523
118,akan,-0.6962387561798096,36.556732177734375
119,ketika,11.616848945617676,25.732223510742188
120,dipisahkan,-2.178424119949341,-10.237640380859375
121,sebagian,-14.326071739196777,20.072362899780273
122,besar,-14.235856056213379,20.00409507751465
123,manusia,-29.95854377746582,19.574710845947266
124,non,-20.265689849853516,26.614749908447266
125,bagian,-10.546417236328125,21.747493743896484
126,tidak,-18.134294509887695,28.15505599975586
127,menyandikan,-2.4467976093292236,-10.105682373046875
128,sel,22.165761947631836,19.682689666748047
129,kromosom,22.21291160583496,-14.776496887207031
130,replikasi,-3.1942174434661865,38.23341369628906
131,nya,-2.7254538536071777,-9.466310501098633
132,kecil,9.959272384643555,28.168201446533203
133,seperti,-6.457110404968262,31.472583770751953
134,ataupun,13.070592880249023,-16.479108810424805
135,sebaliknya,0.5339933037757874,-51.692848205566406
136,bakteri,-20.710084915161133,-12.114034652709961
137,hanya,-7.749929428100586,27.404090881347656
138,menjadi,-23.40678596496582,22.538856506347656
139,sehingga,-12.206095695495605,27.56524085998535
140,membantu,12.086170196533203,29.403547286987305
141,mana,-12.399871826171875,27.961257934570312
142,dapat,-2.7424681186676025,38.63079071044922
143,para,-8.443942070007324,30.87275505065918
144,ilmuwan,29.618133544921875,-13.854188919067383
145,menggunakan,-18.354217529296875,33.505733489990234
146,alat,36.03163528442383,5.055888652801514
147,molekuler,-9.344903945922852,-11.221880912780762
148,teori,18.55031394958496,25.290721893310547
149,hukum,-15.851631164550781,22.056041717529297
150,fisika,-18.721160888671875,24.865013122558594
151,misalnya,-8.42350959777832,27.712167739868164
152,sifat,22.687002182006836,22.193321228027344
153,materi,5.999189853668213,-51.930885314941406
154,khas,-15.790658950805664,-44.46760940551758
155,menarik,-17.532392501831055,-10.816179275512695
156,bekerja,-3.9436614513397217,-11.425074577331543
157,bidang,-12.622474670410156,26.950918197631836
158,material,26.929061889648438,-14.119067192077637
159,beberapa,-23.89493179321289,22.953575134277344
160,ditunjukkan,-29.55321502685547,-24.891939163208008
161,oleh,-8.03210735321045,32.39008331298828
162,garis,23.025266647338867,21.023366928100586
163,putus,-3.820114850997925,-11.118820190429688
164,sebuah,-4.279667854309082,28.719161987304688
165,polimer,25.616531372070312,-13.451248168945312
166,berulang,-19.291202545166016,-11.278637886047363
167,tiga,-13.82571792602539,26.647214889526367
168,utama,-26.515331268310547,27.544750213623047
169,yakni,-28.78638458251953,24.54703712463379
170,ditemukan,-0.4123145639896393,31.460851669311523
171,terhubung,30.44526481628418,-9.851924896240234
172,saling,26.89337730407715,16.140329360961914
173,termasuk,-13.546157836914062,32.66079330444336
174,pula,-0.5258975625038147,27.801652908325195
175,ke,-11.928125381469727,36.498291015625
176,lima,-1.391173243522644,-12.618297576904297
177,yaitu,-18.9060115814209,27.511075973510742
178,karbon,35.34492492675781,-7.408091068267822
179,ketiga,7.406974792480469,31.146244049072266
180,cincin,-6.142061233520508,-47.98258972167969
181,memiliki,-0.5930164456367493,35.361167907714844
182,arah,30.693002700805664,8.706100463867188
183,orientasi,-2.884270668029785,-49.08577346801758
184,tertentu,-20.59453773498535,27.830585479736328
185,hal,0.6346157193183899,33.10901641845703
186,ujung,13.8030424118042,-54.08293151855469
187,terminus,-9.647894859313965,-46.69641876220703
188,sedangkan,0.5068893432617188,34.6689453125
189,perbedaan,-21.124542236328125,26.19292640686035
190,digantikan,30.37651252746582,15.61428451538086
191,biasanya,-20.172727584838867,28.049856185913086
192,bentuk,-1.8918673992156982,28.38400650024414
193,kuat,24.497821807861328,19.810117721557617
194,gaya,-20.566112518310547,-12.33827018737793
195,antar,-2.4474925994873047,37.358665466308594
196,interaksi,17.568859100341797,22.680770874023438
197,tumpukan,26.196971893310547,-12.867575645446777
198,lingkungan,34.90446090698242,5.122138500213623
199,p,1.2531869411468506,17.728225708007812
200,lurus,-27.020326614379883,-32.37321090698242
201,pilinan,-4.111369609832764,-9.351506233215332
202,energi,9.303853034973145,-52.26660919189453
203,bebas,5.314661502838135,-51.53530502319336
204,semua,-16.84206771850586,25.65804100036621
205,jarak,-28.837568283081055,-22.231910705566406
206,putaran,29.3904972076416,-10.40927791595459
207,m,1.4605059623718262,19.530179977416992
208,nanometer,-14.416913986206055,-45.16370391845703
209,kajian,-0.9494509100914001,29.199249267578125
210,diukur,-29.46575164794922,-28.234939575195312
211,lebar,-21.6303768157959,-38.44825744628906
212,panjang,-0.45561787486076355,35.790950775146484
213,nm,19.72647476196289,-15.30278205871582
214,walaupun,9.365548133850098,28.66938591003418
215,terbesar,8.774482727050781,24.311304092407227
216,mengandung,-20.135374069213867,27.716636657714844
217,sekitar,-16.905385971069336,30.113842010498047
218,juta,4.020051002502441,31.576021194458008
219,purina,-20.84430503845215,-39.66303253173828
220,berupa,33.910926818847656,7.334292888641357
221,beranggota,-12.069680213928223,-47.07317352294922
222,enam,33.58750915527344,7.918606758117676
223,pirimidina,7.535129070281982,-16.773183822631836
224,urasil,7.765296459197998,-16.07349395751953
225,u,-0.6304899454116821,18.092958450317383
226,menggantikan,-17.842775344848633,25.7130069732666
227,terletak,27.106525421142578,19.91476058959961
228,selain,-19.24386978149414,26.074481964111328
229,tersebut,-21.055919647216797,28.370691299438477
230,terdapat,-8.577354431152344,27.023088455200195
231,sejumlah,17.974031448364258,25.042030334472656
232,telah,-24.38672637939453,24.80963897705078
233,mengkaji,-27.004913330078125,-30.403060913085938
234,namun,-17.330596923828125,22.822200775146484
235,bakteriofag,-19.2096004486084,-40.94337844848633
236,j,1.0555391311645508,18.446903228759766
237,modifikasi,-0.3231413662433624,-11.482892036437988
238,juga,-19.58308982849121,24.994712829589844
239,terjadi,-9.667617797851562,24.288259506225586
240,tahap,13.56045913696289,26.180660247802734
241,pertama,9.09447956085205,32.23855972290039
242,spesifik,-25.852506637573242,-14.792000770568848
243,diubah,-1.8068169355392456,-11.557733535766602
244,berhasil,-9.518633842468262,23.796855926513672
245,jauh,2.7036893367767334,-51.510040283203125
246,terlibat,21.759790420532227,23.216848373413086
247,polimerase,0.16925989091396332,34.9265251159668
248,ii,-27.354751586914062,22.4771728515625
249,alur,1.2783633470535278,35.54642105102539
250,mayor,37.953304290771484,-4.924565315246582
251,minor,5.488826274871826,-13.616419792175293
252,ruang,12.819071769714355,-18.469778060913086
253,berbentuk,9.223782539367676,-18.135189056396484
254,dikarenakan,30.249462127685547,-11.474579811096191
255,tepi,-27.680200576782227,-18.385860443115234
256,mudah,1.3866645097732544,34.38701248168945
257,diakses,-28.262235641479492,-21.388877868652344
258,daripada,38.56346130371094,-4.293151378631592
259,akibatnya,17.52552604675293,-55.19430160522461
260,faktor,28.04716682434082,14.865799903869629
261,melakukan,35.55713653564453,0.4704098403453827
262,konformasi,14.710725784301758,25.689584732055664
263,tak,26.297182083129883,-14.855915069580078
264,selalu,-25.80936622619629,-32.91361999511719
265,demikian,18.458051681518555,-18.011072158813477
266,terlihat,28.745361328125,-14.051074981689453
267,apabila,37.48158264160156,-1.1677912473678589
268,dipuntir,17.902799606323242,22.50888442993164
269,b,0.12313953787088394,17.488037109375
270,pemasangan,-13.550716400146484,-46.30610656738281
271,berikatan,27.010570526123047,-12.39600658416748
272,komplementer,-20.286466598510742,-41.03660583496094
273,susunan,15.212881088256836,26.35361671447754
274,ia,9.663477897644043,29.73103904724121
275,kembali,-9.471314430236816,23.800012588500977
276,relatif,2.0369198322296143,-13.24498176574707
277,terbuka,40.68941879272461,-1.4855209589004517
278,baik,-0.6320648789405823,29.600353240966797
279,maupun,-0.31352317333221436,29.00290870666504
280,temperatur,30.853742599487305,-11.337820053100586
281,tinggi,-1.5118591785430908,31.477645874023438
282,keseluruhan,18.060039520263672,23.944726943969727
283,gc,-2.481496572494507,37.18583679199219
284,bawah,6.580394744873047,26.062637329101562
285,at,27.052684783935547,-12.465349197387695
286,mempunyai,1.166158676147461,20.629846572875977
287,jumlah,-15.800322532653809,31.90679931640625
288,berbeda,-8.470093727111816,27.972312927246094
289,stabil,21.73136329650879,-15.543503761291504
290,rendah,23.232328414916992,21.264406204223633
291,disebutkan,-5.608005523681641,-11.684096336364746
292,keadaan,24.038726806640625,18.842191696166992
293,tunggal,-31.292726516723633,21.59495735168457
294,dinamakan,38.21644973754883,2.0763587951660156
295,peleburan,-28.38422966003418,-19.400054931640625
296,nilai,12.527830123901367,26.77267074584961
297,ph,18.516847610473633,-16.317319869995117
298,melebur,9.345624923706055,-18.382572174072266
299,tetapi,-16.733373641967773,27.29279136657715
300,akibat,-21.59507179260254,26.41577911376953
301,jarang,-0.948982298374176,-50.3702278137207
302,stabilitas,20.37638282775879,-15.77213191986084
303,bergantung,6.742156028747559,-14.567834854125977
304,kandungan,20.945816040039062,-15.311768531799316
305,itu,-19.160566329956055,30.70180892944336
306,kekuatan,17.375411987304688,27.04192543029785
307,berbagai,-1.3991488218307495,27.417926788330078
308,cara,-0.14495237171649933,30.683135986328125
309,umumnya,25.14736557006836,-15.705301284790039
310,berdasarkan,-16.281057357788086,24.751401901245117
311,konsentrasi,-29.085468292236328,-19.933517456054688
312,terpisah,-17.838884353637695,24.466073989868164
313,sense,38.3573112487793,-5.248214244842529
314,antisense,0.9233220815658569,34.337589263916016
315,jelas,11.126194953918457,-53.225337982177734
316,gen,28.21523666381836,14.999738693237305
317,tumpang,28.07881736755371,15.354767799377441
318,tindih,33.559600830078125,7.18321418762207
319,tugas,25.321937561035156,18.37955093383789
320,dibaca,27.134523391723633,-14.275899887084961
321,kemungkinan,22.286195755004883,22.225126266479492
322,meningkatkan,36.709781646728516,-0.08218599855899811
323,pemilinan,-25.55158233642578,-35.925960540771484
324,kumparan,13.8938570022583,25.425642013549805
325,kondisi,34.69965744018555,2.367978572845459
326,jika,-15.563936233520508,26.925344467163086
327,enzim,-14.928187370300293,26.88127326965332
328,alternatif,-8.251996040344238,-48.23240661621094
329,kita,1.8457900285720825,31.16001319885254
330,antaranya,32.48249053955078,-10.181196212768555
331,z,0.993716835975647,18.663156509399414
332,saja,30.19717788696289,-13.89686107635498
333,diamati,-28.580636978149414,-22.52801513671875
334,langsung,-18.46471405029297,-12.254619598388672
335,tingkat,-32.52126693725586,22.927566528320312
336,logam,-4.50981330871582,-10.27720832824707
337,keberadaan,-22.33306121826172,-38.6936149597168
338,baru,-15.08131217956543,25.924434661865234
339,dibentuk,24.53704071044922,-15.767799377441406
340,diri,-9.391449928283691,27.884387969970703
341,kecuali,-1.736033320426941,-11.788688659667969
342,harus,1.7329175472259521,32.5609130859375
343,genetik,-8.729796409606934,27.90523910522461
344,pasangannya,-29.714889526367188,-30.70683479309082
345,kata,-34.7222785949707,26.17777442932129
346,lain,-12.811429977416992,33.2996940612793
347,maka,0.4817817807197571,30.347970962524414
348,menjelaskan,24.20378875732422,21.086505889892578
349,bagaimana,-30.499513626098633,23.470138549804688
350,paling,-13.867390632629395,29.435985565185547
351,menyatakan,-32.949344635009766,22.109617233276367
352,masing,-9.275121688842773,25.68048667907715
353,diperoleh,29.48357582092285,-12.154634475708008
354,akhir,-31.767457962036133,22.731637954711914
355,sebelumnya,-21.724952697753906,27.40266227722168
356,nama,-10.008278846740723,31.367431640625
357,pembentukan,32.11149215698242,-10.900455474853516
358,suatu,-19.956829071044922,26.808813095092773
359,diawali,-25.18214988708496,-18.657367706298828
360,pembukaan,38.824127197265625,-4.523167610168457
361,titik,23.30235481262207,19.262195587158203
362,dibantu,30.392030715942383,-11.92624568939209
363,mampu,4.651731967926025,-13.674294471740723
364,membuka,36.70872497558594,-4.599729061126709
365,setelah,9.031821250915527,25.021209716796875
366,cukup,-12.990052223205566,30.09059715270996
367,terbentuk,13.373146057128906,28.124637603759766
368,masuk,-27.194854736328125,24.42156219482422
369,sudah,-17.531326293945312,27.864133834838867
370,lokal,11.784436225891113,29.86746597290039
371,berlangsung,-25.763683319091797,-34.558475494384766
372,ditambahkan,-27.65460205078125,-28.744386672973633
373,sisi,-14.797783851623535,-43.6776123046875
374,kali,1.978981375694275,30.016345977783203
375,berlanjut,-19.318077087402344,-12.302586555480957
376,sampai,5.892017841339111,29.938962936401367
377,benar,33.43023681640625,5.619009494781494
378,mekanisme,-20.520681381225586,-40.45708084106445
379,terjadinya,1.7286542654037476,-13.126622200012207
380,kesalahan,-14.70300006866455,-44.19295883178711
381,penggunaan,-1.9981207847595215,27.892837524414062
382,teknologi,16.455852508544922,26.56753158569336
383,forensik,36.157691955566406,-8.118173599243164
384,ilmu,-34.30101013183594,20.186708450317383
385,tersisa,-13.43769645690918,-45.253597259521484
386,tempat,-12.105864524841309,28.26593780517578
387,kejadian,34.48286437988281,3.634284019470215
388,kejahatan,-19.89427375793457,-11.88742733001709
389,mengidentifikasi,33.57539367675781,7.050353050231934
390,pemrofilan,7.098180770874023,-52.05839538574219
391,dibandingkan,-7.041612148284912,-11.05726432800293
392,dikembangkan,35.60988235473633,-2.557603120803833
393,universitas,-21.010135650634766,22.601163864135742
394,kasus,4.554708957672119,30.489002227783203
395,contoh,16.825258255004883,27.189226150512695
396,database,-21.981904983520508,-13.449039459228516
397,lama,-8.744668006896973,29.37527084350586
398,terutama,-12.199901580810547,30.082225799560547
399,orang,-18.1241455078125,31.525325775146484
400,metode,-21.132606506347656,-12.716645240783691
401,teknik,18.516273498535156,25.96992301940918
402,seorang,21.224210739135742,24.385578155517578
403,bila,24.946449279785156,19.764806747436523
404,komputasi,-5.371165752410889,-48.247066497802734
405,masalah,18.173503875732422,25.210603713989258
406,riset,33.619232177734375,6.5671491622924805
407,algoritme,18.313209533691406,24.08579444885254
408,menemukan,-21.821157455444336,-12.263232231140137
409,huruf,-33.939449310302734,24.445951461791992
410,mencari,10.655035972595215,28.991891860961914
411,bahkan,12.172099113464355,29.189207077026367
412,menyebabkan,-13.739377975463867,27.26732635498047
413,menunjukkan,-14.561939239501953,28.25623893737793
414,karakter,10.56416130065918,26.916399002075195
415,khusus,-25.982637405395508,-15.794265747070312
416,teknis,15.877605438232422,-18.966577529907227
417,kira,23.659221649169922,22.3919620513916
418,sejarah,-21.51917266845703,24.78247833251953
419,tahun,-9.271339416503906,34.79882049560547
420,jerman,31.233427047729492,15.563167572021484
421,penelitian,-2.5214030742645264,29.9427433013916
422,peranan,22.582305908203125,-17.01513671875
423,dimulai,33.76573944091797,-8.637434959411621
424,awal,-11.624089241027832,31.77745246887207
425,abad,-11.920944213867188,36.500396728515625
426,dianggap,-12.890499114990234,28.749706268310547
427,dekade,-27.78158950805664,-30.632631301879883
428,an,1.8284780979156494,30.334054946899414
429,membuktikan,-8.820075988769531,-47.87769317626953
430,gagal,6.044713020324707,-15.201127052307129
431,men,-18.67818260192871,-40.99304962158203
432,utuh,28.287261962890625,-14.915791511535645
433,percobaan,34.85526657104492,-5.762050151824951
434,hershey,-29.18746566772461,-29.40114974975586
435,chase,-27.58523178100586,-31.764551162719727
436,dilakukan,-7.3701019287109375,29.937108993530273
437,alfred,34.96384811401367,-5.064511775970459
438,belum,-25.462621688842773,-33.68350601196289
439,francis,-9.636369705200195,-46.46149826049805
440,crick,-4.857064723968506,-48.66443634033203
441,james,-27.970796585083008,22.7584171295166
442,watson,-1.5927786827087402,-49.752655029296875
443,hasil,25.113086700439453,22.770029067993164
444,x,5.710973262786865,17.63749122619629
445,wilkins,-29.484619140625,-27.284692764282227
446,franklin,-22.09212303161621,-38.12360382080078
447,kelompok,-32.86865234375,23.026845932006836
448,keempat,34.98600769042969,1.6711698770523071
449,hingga,6.759827613830566,32.21820831298828
450,bukan,-35.18848419189453,22.409290313720703
451,mendapatkan,31.660673141479492,14.586332321166992
452,hadiah,11.705987930297852,-16.174327850341797
453,nobel,-23.84049415588379,-35.98780822753906
454,kedokteran,-23.82716941833496,-13.625566482543945
455,penemuan,31.2875919342041,13.863906860351562
456,waktu,29.557754516601562,14.036776542663574
457,jenderal,-14.037745475769043,-12.046642303466797
458,anwar,26.9195556640625,23.4081974029541
459,al,37.531105041503906,-2.778757095336914
460,sadat,26.945642471313477,23.36969566345215
461,abu,-14.10600757598877,-10.13230037689209
462,mesir,7.288537979125977,28.35089683532715
463,tentara,7.216984748840332,25.699214935302734
464,menjabat,-18.83550262451172,-11.193115234375
465,presiden,12.961649894714355,29.558635711669922
466,periode,-10.261324882507324,24.75853729248047
467,oktober,-3.5591237545013428,26.44740867614746
468,dunia,-8.768559455871582,33.563575744628906
469,barat,-6.704000949859619,23.05579376220703
470,berpengaruh,-11.527130126953125,-11.237667083740234
471,timur,-6.522875785827637,22.848098754882812
472,tengah,15.425446510314941,29.268081665039062
473,modern,-18.50324249267578,26.25127601623535
474,keluarga,33.71846008300781,-7.893195152282715
475,saudara,29.489734649658203,-14.2385892868042
476,laki,-13.758041381835938,-10.058402061462402
477,sementara,-3.7017993927001953,-49.553558349609375
478,akademi,19.53794288635254,26.324132919311523
479,militer,4.05440616607666,30.1599178314209
480,kerajaan,-12.165966987609863,21.00353240966797
481,bergabung,-23.591995239257812,-36.232269287109375
482,gerakan,34.544586181640625,8.448628425598145
483,kekuasaan,9.031750679016113,25.47015953063965
484,britania,5.779069900512695,23.144826889038086
485,raya,5.836352348327637,23.160377502441406
486,perang,7.2410569190979,24.363788604736328
487,usaha,31.303306579589844,13.160271644592285
488,pasukan,31.594663619995117,17.251752853393555
489,pendudukan,29.736064910888672,21.215906143188477
490,ikut,-19.719789505004883,-39.85908126831055
491,serta,-12.872048377990723,33.39411926269531
492,kudeta,-25.803462982177734,-16.832380294799805
493,menggulingkan,20.944194793701172,-16.50511360168457
494,raja,-8.988022804260254,22.507577896118164
495,revolusi,22.191295623779297,25.04234504699707
496,mengambil,11.56015396118164,-15.793683052062988
497,alih,-8.80871295928955,-10.612863540649414
498,jaringan,29.884653091430664,15.589900016784668
499,kepada,-23.58811378479004,23.88711929321289
500,rakyat,7.103564262390137,29.091476440429688
501,jabatan,36.863075256347656,4.470596790313721
502,pemerintahan,6.9502458572387695,24.884857177734375
503,nasser,-12.56341552734375,-45.77082061767578
504,wakil,-9.779388427734375,-47.93882751464844
505,menduduki,-27.99403190612793,-22.917285919189453
506,sekali,29.429697036743164,16.382905960083008
507,lagi,-31.389739990234375,23.088863372802734
508,bersama,3.349043846130371,30.809810638427734
509,syria,-14.008193969726562,-11.077824592590332
510,memimpin,-16.62737464904785,-43.656700134277344
511,melawan,36.63505935668945,0.6637788414955139
512,israel,-22.55782699584961,24.1805362701416
513,semenanjung,-24.030845642089844,25.655458450317383
514,hari,-9.066174507141113,29.80815315246582
515,meskipun,5.929495811462402,29.813434600830078
516,pertempuran,35.42311477661133,-1.0246201753616333
517,masih,-10.249784469604492,28.802255630493164
518,pihak,33.063385009765625,-10.755237579345703
519,kalah,-22.51781463623047,-37.08013153076172
520,perjanjian,7.763516902923584,29.36663055419922
521,camp,19.417644500732422,-17.018701553344727
522,david,25.016456604003906,21.70111083984375
523,menetapkan,27.807750701904297,21.847829818725586
524,bangsa,-31.338836669921875,28.871068954467773
525,arab,-20.996814727783203,33.44867706298828
526,mengadakan,-17.959339141845703,-11.186789512634277
527,damai,36.49675750732422,0.9746138453483582
528,berikutnya,30.79844856262207,15.173262596130371
529,henry,-8.966974258422852,22.554651260375977
530,memang,33.63951110839844,-9.021130561828613
531,wilayah,-10.455270767211914,34.506587982177734
532,direbut,35.80058670043945,4.256931304931641
533,dataran,35.692264556884766,2.4216220378875732
534,meski,-9.858469009399414,-47.17917251586914
535,politik,-28.785608291625977,22.74490737915039
536,palestina,-1.3193953037261963,-13.218047142028809
537,jerusalem,-0.7285711169242859,-13.310394287109375
538,kalangan,-17.595422744750977,26.822484970092773
539,mengatakan,-23.19292449951172,-14.248623847961426
540,pergerakan,31.105857849121094,-12.286186218261719
541,islam,-30.20465850830078,24.12921714782715
542,begin,-27.177867889404297,-20.212099075317383
543,perdana,21.813526153564453,-17.824907302856445
544,menteri,2.953054904937744,29.4244327545166
545,perdamaian,-27.482751846313477,-19.454620361328125
546,menerima,-16.79642677307129,-42.68282699584961
547,tindakan,-0.7295220494270325,-12.922409057617188
548,mengenai,-7.537519931793213,28.498382568359375
549,signifikan,-25.03036117553711,-16.813865661621094
550,saat,-8.228530883789062,32.30043411254883
551,september,-27.692058563232422,-22.298124313354492
552,organisasi,-16.499862670898438,26.757413864135742
553,pelajar,-0.5627017021179199,-12.884953498840332
554,nasional,7.281054973602295,31.588485717773438
555,dia,-25.794893264770508,-17.19778060913086
556,tewas,5.415653228759766,-14.782444953918457
557,anggota,-23.852783203125,26.345823287963867
558,muslim,16.625822067260742,-17.10962677001953
559,peristiwa,-27.562219619750977,-22.032838821411133
560,datuk,-16.773704528808594,-11.899557113647461
561,azhar,4.326236248016357,-15.458612442016602
562,mansor,13.002412796020508,-17.812255859375
563,malaysia,-13.01067066192627,30.571823120117188
564,pelayaran,-24.60529136657715,-35.911556243896484
565,kurang,19.14531898498535,26.74570655822754
566,berada,7.541773796081543,30.81326675415039
567,amerika,25.159156799316406,22.95176887512207
568,selatan,21.129180908203125,26.914663314819336
569,akhirnya,14.305874824523926,28.17864418029785
570,februari,1.1822257041931152,-51.23124694824219
571,bernama,19.69873046875,27.27843475341797
572,jalur,30.706172943115234,15.500146865844727
573,meliputi,31.291961669921875,-13.913446426391602
574,laut,8.777174949645996,23.312599182128906
575,agustus,33.06458282470703,12.42232608795166
576,tiba,26.114599227905273,-17.043460845947266
577,selamat,-17.676189422607422,-10.223653793334961
578,pahlawan,-4.923590183258057,-12.225302696228027
579,dipimpin,18.91962432861328,27.757272720336914
580,anak,17.67054557800293,27.49753761291504
581,merdeka,-12.51565170288086,-11.659875869750977
582,masa,3.126126527786255,28.5302677154541
583,sebelum,-29.63332748413086,24.302040100097656
584,kemerdekaan,34.517704010009766,11.032772064208984
585,arkeologi,-34.434696197509766,20.993139266967773
586,berasal,-14.129666328430176,33.27854919433594
587,yunani,34.59772491455078,1.2570774555206299
588,kuno,-23.39483070373535,32.23438262939453
589,kebudayaan,-33.52539825439453,23.399595260620117
590,mempelajari,-36.002784729003906,22.035036087036133
591,lalu,-15.906021118164062,25.956932067871094
592,data,22.218156814575195,-16.761287689208984
593,bendawi,-28.701522827148438,-22.334156036376953
594,analisis,2.78074049949646,31.58079719543457
595,budaya,-29.620882034301758,19.71125602722168
596,batu,36.72942352294922,2.321542978286743
597,bangunan,18.712444305419922,-17.840654373168945
598,candi,28.52058982849121,-16.115692138671875
599,benda,-0.7176040410995483,30.5081729888916
600,rupa,-28.801576614379883,-21.48557472229004
601,bumi,-10.365310668945312,29.527009963989258
602,fosil,35.10519027709961,-7.895277500152588
603,situs,-2.8435699939727783,29.021251678466797
604,tujuan,-14.102463722229004,-44.924888610839844
605,beragam,9.413434982299805,-52.786102294921875
606,perdebatan,-0.8112098574638367,-50.027713775634766
607,menyusun,12.845415115356445,28.803422927856445
608,memahami,8.301822662353516,29.463014602661133
609,perilaku,15.225236892700195,27.356403350830078
610,perubahan,-10.2496337890625,27.81354331970215
611,bertujuan,35.46675109863281,-0.4347075819969177
612,humaniora,-17.903335571289062,-41.376495361328125
613,antropologi,-34.77957534790039,20.478839874267578
614,tentang,-33.88018798828125,23.011293411254883
615,umur,-5.301999092102051,-12.041919708251953
616,arsitektur,8.596364974975586,29.406850814819336
617,unsur,8.844439506530762,-16.330400466918945
618,naskah,35.626949310302734,-7.334860324859619
619,sekarang,-23.51559829711914,29.521406173706055
620,minat,9.103006362915039,-15.479358673095703
621,pakar,25.00380516052246,19.876615524291992
622,bahan,-35.80302047729492,22.70944595336914
623,penyebaran,-30.635757446289062,23.9024600982666
624,apa,17.447433471679688,-17.123069763183594
625,usia,-18.187437057495117,-41.36321258544922
626,purba,30.20609474182129,13.221833229064941
627,tua,28.492610931396484,20.344120025634766
628,prasejarah,31.46660041809082,12.987385749816895
629,tulisan,6.666447162628174,30.36490249633789
630,bukti,10.978662490844727,29.582496643066406
631,tertulis,-8.509719848632812,-11.18030834197998
632,perkembangannya,-15.250395774841309,28.71343421936035
633,culture,-2.0825610160827637,-50.10953903198242
634,peninggalan,32.379783630371094,-11.885159492492676
635,sumber,-20.54546356201172,33.23051452636719
636,disiplin,28.073394775390625,17.243053436279297
637,resources,-7.969120979309082,-47.838314056396484
638,luas,-24.995426177978516,25.822433471679688
639,indonesia,-24.78361701965332,34.138275146484375
640,lembaga,-25.546659469604492,26.20530891418457
641,van,-6.16630744934082,26.24509620666504
642,jakarta,-4.340014457702637,26.60738182067871
643,mendirikan,-25.537336349487305,-17.810712814331055
644,tertua,4.982052326202393,-15.826163291931152
645,pemerintah,-31.068180084228516,24.33847427368164
646,kolonial,-31.36544418334961,24.651933670043945
647,purbakala,36.33662414550781,2.693495988845825
648,berkembang,-21.705202102661133,25.14242935180664
649,balai,33.923274993896484,-10.845663070678711
650,tersebar,-27.630075454711914,-27.99759864807129
651,daerah,-10.933002471923828,33.22059631347656
652,pusat,-24.0743408203125,28.757366180419922
653,pengembangan,-25.432235717773438,26.240140914916992
654,perguruan,28.058361053466797,22.05332374572754
655,jurusan,-35.343505859375,21.975515365600586
656,sarjana,27.169435501098633,-16.569583892822266
657,departemen,12.659067153930664,-17.158470153808594
658,fakultas,-35.00380325317383,21.79957389831543
659,pengetahuan,-20.274097442626953,25.431596755981445
660,sastra,-22.80478286743164,25.459089279174805
661,jambi,-20.434114456176758,24.511545181274414
662,ahli,12.323930740356445,30.212966918945312
663,tokoh,4.396030426025391,-14.819830894470215
664,terkenal,12.066086769104004,28.211322784423828
665,r,40.69121170043945,-1.4271788597106934
666,kepala,31.178701400756836,14.596606254577637
667,pembagian,-27.606260299682617,-24.675701141357422
668,nusantara,-23.728439331054688,29.525388717651367
669,era,35.44852828979492,-0.273027241230011
670,hindu,33.46349334716797,-11.782722473144531
671,buddha,-3.307380437850952,-12.584757804870605
672,klasik,-18.22113609313965,33.491939544677734
673,zaman,-11.723118782043457,29.289628982543945
674,keistimewaan,16.43443489074707,-54.24789810180664
675,masuknya,4.052405834197998,-15.12515926361084
676,prasasti,-4.241291046142578,27.331787109375
677,air,27.356250762939453,19.077308654785156
678,ekologi,-8.687753677368164,28.404502868652344
679,ekonomi,-28.40081024169922,24.029022216796875
680,seni,8.87234878540039,29.25555419921875
681,pengertian,1.1896086931228638,-14.166145324707031
682,konsep,30.912940979003906,14.57402515411377
683,sosial,-34.4566650390625,21.573705673217773
684,alam,-1.5838334560394287,30.109128952026367
685,entitas,21.183958053588867,26.068096160888672
686,homo,33.52681350708008,9.776518821716309
687,sapiens,32.81127166748047,-9.703147888183594
688,kerangka,-16.569013595581055,27.238107681274414
689,kerja,24.935579299926758,-16.173818588256836
690,evolusi,-33.172508239746094,22.876327514648438
691,biologi,-29.785974502563477,23.13736915588379
692,memberikan,33.064273834228516,9.260364532470703
693,arti,32.281856536865234,11.554856300354004
694,perjalanan,10.600083351135254,-15.23158073425293
695,umat,15.510541915893555,27.332698822021484
696,sejak,-11.872391700744629,31.606929779052734
697,perspektif,32.12297058105469,-10.052627563476562
698,dibagi,34.45005798339844,4.690898418426514
699,cabang,-33.17969512939453,23.407222747802734
700,berkaitan,31.332199096679688,-10.578722953796387
701,linguistik,-13.655766487121582,-43.775917053222656
702,tersendiri,4.720010757446289,-14.235496520996094
703,ilmiah,30.789989471435547,-13.845088005065918
704,beda,-27.540788650512695,-23.694496154785156
705,eropa,-31.228012084960938,29.002662658691406
706,ciri,-34.1612434387207,23.682950973510742
707,fisik,-36.218406677246094,22.23511505126953
708,adat,9.270575523376465,-15.759997367858887
709,istiadat,-10.331785202026367,-11.642743110656738
710,etnis,9.616660118103027,30.831939697265625
711,masyarakat,-33.204566955566406,23.716651916503906
712,penduduk,-16.792356491088867,30.231447219848633
713,kesatuan,-25.216066360473633,23.423446655273438
714,tinggal,-4.022897720336914,-12.508190155029297
715,kawasan,10.093745231628418,22.624160766601562
716,geografis,-10.932902336120605,29.679855346679688
717,serupa,-29.04655647277832,-23.897897720336914
718,isu,28.223514556884766,-15.723576545715332
719,migrasi,19.699434280395508,25.752513885498047
720,regional,36.70726776123047,3.3158481121063232
721,global,-21.05143928527832,-39.176368713378906
722,semakin,27.32927703857422,20.616573333740234
723,umum,-28.857038497924805,24.463031768798828
724,terbatas,29.97613525390625,13.077896118164062
725,william,-18.642372131347656,23.854938507080078
726,studi,-36.83768844604492,22.40049934387207
727,berusaha,11.61600399017334,29.705223083496094
728,memperoleh,-1.5406142473220825,30.399293899536133
729,lengkap,36.41666793823242,-3.6257317066192627
730,asal,35.504817962646484,0.3013925552368164
731,usul,35.38709259033203,-7.8647356033325195
732,variasi,-29.33228302001953,23.989635467529297
733,memengaruhi,35.39537048339844,3.5270657539367676
734,memelajari,-36.97947311401367,22.403675079345703
735,hubungan,-32.533565521240234,23.299219131469727
736,sistem,-14.150097846984863,22.344663619995117
737,keturunan,28.080211639404297,17.509782791137695
738,konflik,35.22163391113281,-4.6390767097473145
739,primata,-20.344501495361328,26.118602752685547
740,human,-28.382776260375977,-29.00387954711914
741,menghasilkan,3.9767041206359863,30.072425842285156
742,mempertahankan,-27.192604064941406,-21.00136375427246
743,sisa,-21.126455307006836,26.686664581298828
744,tulang,-20.0936336517334,26.249542236328125
745,biasa,-5.821435928344727,-10.586634635925293
746,makanan,36.008121490478516,-4.894015789031982
747,morfologi,14.585224151611328,-17.596651077270508
748,antropometri,-7.516846656799316,-47.51194381713867
749,awalnya,36.534996032714844,-0.8648615479469299
750,rangka,32.027408599853516,11.753385543823242
751,desain,-8.279521942138672,-10.280163764953613
752,industri,19.1036376953125,27.206701278686523
753,populasi,-18.944650650024414,23.698328018188477
754,osteologi,8.320549964904785,-15.602435111999512
755,gigi,27.474143981933594,13.704032897949219
756,dsb,25.14267921447754,-14.928689002990723
757,mau,-9.269780158996582,-11.143918991088867
758,pun,-8.965217590332031,-11.880494117736816
759,kelamin,-27.171314239501953,-29.531635284423828
760,kematian,-19.13819694519043,-12.082511901855469
761,konteks,6.188446998596191,-51.76861572265625
762,luar,-31.950031280517578,23.64949607849121
763,korban,-27.587270736694336,-29.614688873291016
764,y,1.2717289924621582,20.337270736694336
765,mereka,-9.303098678588867,32.63816452026367
766,pemahaman,35.23708724975586,3.088036060333252
767,berhubungan,-28.388338088989258,-27.965421676635742
768,seseorang,25.536802291870117,-16.109161376953125
769,sendiri,-18.232507705688477,26.403942108154297
770,sering,-23.10564422607422,-13.726980209350586
771,mengenal,-14.06179428100586,-11.591973304748535
772,tata,-15.574424743652344,29.80905532836914
773,ratus,33.188594818115234,-9.859384536743164
774,suku,-31.951431274414062,28.108642578125
775,kehidupan,26.54278564453125,20.295841217041016
776,mengalami,-27.47554588317871,25.409515380859375
777,tahapan,-1.3682856559753418,-13.53423023223877
778,fase,-10.740362167358398,28.451772689819336
779,berikut,0.5363688468933105,28.317272186279297
780,mulai,-10.034160614013672,32.884483337402344
781,benua,35.65579605102539,-3.5493717193603516
782,asia,10.624074935913086,30.014169692993164
783,australia,-5.675833702087402,-12.284894943237305
784,asing,-18.41295623779297,29.170001983642578
785,kisah,-6.557493209838867,-48.45728302001953
786,buku,-15.878616333007812,31.844593048095703
787,etnografi,-35.3309211730957,22.69165802001953
788,perhatian,13.24091911315918,-17.188396453857422
789,sudut,-21.299894332885742,-14.509156227111816
790,pandang,-5.960059642791748,-12.126198768615723
791,karangan,26.07027244567871,20.12132453918457
792,s,0.8430963754653931,17.986431121826172
793,maksud,34.55543899536133,-9.114720344543457
794,negara,-10.010032653808594,35.37234878540039
795,membangun,-11.23709774017334,27.758922576904297
796,koloni,-17.295862197875977,23.561859130859375
797,muncul,-22.588605880737305,25.794464111328125
798,serangan,-27.912456512451172,24.57623863220215
799,asli,-32.695655822753906,23.571102142333984
800,pemberontakan,22.710887908935547,24.222415924072266
801,cuaca,-10.576813697814941,-11.51906681060791
802,cari,6.9886698722839355,-15.504483222961426
803,kepentingan,-26.119848251342773,-18.613290786743164
804,pesat,27.411935806274414,-15.812495231628418
805,membawa,29.2386474609375,16.886157989501953
806,total,5.252560138702393,29.26020050048828
807,penjajahan,11.056501388549805,-15.700882911682129
808,selama,-28.810806274414062,22.526836395263672
809,pedalaman,-2.8622379302978516,30.62296485900879
810,leksikal,10.047283172607422,27.526813507080078
811,dokumen,-8.061992645263672,29.93045997619629
812,token,14.717706680297852,-17.02731704711914
813,scanner,23.241548538208008,-15.485815048217773
814,dibuat,9.974244117736816,-16.520971298217773
815,mesin,7.145662784576416,-15.953533172607422
816,input,32.72275161743164,7.461033821105957
817,mengubah,-9.742530822753906,-11.729597091674805
818,valid,-15.049543380737305,-10.825894355773926
819,penolakan,-8.054577827453613,-48.58415603637695
820,berubah,-24.47994613647461,-15.868721961975098
821,terakhir,-18.658906936645508,26.787429809570312
822,lexeme,35.07378005981445,-7.043657302856445
823,terpanjang,-11.151222229003906,-47.204864501953125
824,jadi,24.509309768676758,-16.67818832397461
825,penggunaannya,36.48309326171875,-2.203411340713501
826,diberikan,23.116445541381836,21.999588012695312
827,menjadikan,-9.869490623474121,-9.904487609863281
828,resmi,-22.21623420715332,31.908910751342773
829,dituturkan,28.341358184814453,21.306413650512695
830,melayu,-24.803184509277344,34.14073944091797
831,dijadikan,3.1178929805755615,-50.672019958496094
832,republik,-26.291095733642578,27.888198852539062
833,pasal,33.917808532714844,11.886395454406738
834,undang,-26.93524742126465,29.736621856689453
835,dasar,-4.564788341522217,30.02941131591797
836,daftar,15.381632804870605,31.661529541015625
837,persatuan,-23.071338653564453,30.595561981201172
838,sumpah,14.449349403381348,31.00975799560547
839,pemuda,16.034610748291016,30.751083374023438
840,diresmikan,-15.143052101135254,29.906230926513672
841,sehari,17.572904586791992,26.238676071166992
842,konstitusi,6.332550525665283,-15.120708465576172
843,timor,-4.734107971191406,-13.262208938598633
844,leste,-7.407870769500732,-12.91226577758789
845,berstatus,-2.5999176502227783,-49.84419631958008
846,ragam,-26.667896270751953,29.653770446777344
847,h,2.0210416316986084,18.661001205444336
848,penerbit,-15.757110595703125,-43.493263244628906
849,dipakai,-22.794788360595703,31.07587242126465
850,riau,-1.7556146383285522,27.7010440826416
851,kepulauan,-13.021749496459961,31.279865264892578
852,kongres,-22.18741798400879,31.68617057800293
853,i,-1.492226481437683,20.420400619506836
854,jang,38.037113189697266,-1.3999028205871582
855,ditambah,-23.040451049804688,-36.501991271972656
856,itoe,-8.007609367370605,-13.281608581542969
857,ialah,26.617103576660156,-16.232160568237305
858,kebangsaan,13.784866333007812,31.066272735595703
859,administrasi,30.606599807739258,13.772856712341309
860,imperialisme,-20.77250099182129,-37.849246978759766
861,tetap,-9.13279914855957,29.81402015686035
862,tanggal,-5.420759201049805,25.05999183654785
863,mei,10.735401153564453,-17.114221572875977
864,dr,16.11382293701172,-53.87517166137695
865,maret,36.742942810058594,-0.5552824139595032
866,varian,-1.727224349975586,25.238658905029297
867,malaya,-11.44983196258545,-11.529150009155273
868,terus,27.176149368286133,21.617170333862305
869,warga,8.085771560668945,31.51923942565918
870,bukanlah,-10.118406295776367,-46.12619400024414
871,ibu,32.352264404296875,16.328657150268555
872,versi,33.60295867919922,10.026403427124023
873,dialek,-22.95494842529297,31.721384048461914
874,lunak,-28.601757049560547,-23.40178871154785
875,surat,-13.032941818237305,29.721866607666016
876,negeri,-20.745513916015625,22.897966384887695
877,dikatakan,19.227529525756836,24.875476837158203
878,austronesia,17.773649215698242,-18.98894691467285
879,masehi,33.65595245361328,-12.573553085327148
880,aksara,-29.7142391204834,-23.015125274658203
881,pesisir,35.29299545288086,7.784055709838867
882,tenggara,34.70979309082031,-10.874600410461426
883,pulau,-10.599467277526855,21.268117904663086
884,sumatera,-31.95830726623535,24.977815628051758
885,berkat,-26.21339988708496,-17.342960357666016
886,sriwijaya,-27.879514694213867,25.048927307128906
887,perdagangan,-10.073336601257324,29.129581451416016
888,istilah,-24.743078231811523,26.725496292114258
889,sebutan,-9.40237808227539,30.210582733154297
890,malayu,-31.224576950073242,24.04264259338379
891,batang,31.704586029052734,13.502156257629395
892,o,5.803836345672607,17.689565658569336
893,sungai,39.246280670166016,1.2175229787826538
894,mencakup,6.195678234100342,29.262222290039062
895,mundur,17.350784301757812,-18.176435470581055
896,minangkabau,-35.66609573364258,22.757362365722656
897,keping,-1.542114496231079,-12.65310001373291
898,tembaga,24.829269409179688,20.602519989013672
899,laguna,-23.779739379882812,-15.648887634277344
900,berlogat,31.8878116607666,-11.238009452819824
901,palembang,9.031423568725586,-16.521085739135742
902,malaka,19.496767044067383,24.901004791259766
903,hujung,32.38319778442383,-12.928509712219238
904,medini,-9.515790939331055,-12.083294868469238
905,kesultanan,-28.465280532836914,25.027324676513672
906,tanah,13.035322189331055,30.76012420654297
907,e,5.883192539215088,17.73617935180664
908,portugis,-20.995832443237305,33.379024505615234
909,penduduknya,-12.785308837890625,-10.088315963745117
910,diduga,-12.291874885559082,28.69169807434082
911,pemakai,34.142112731933594,3.9690308570861816
912,dayak,12.280045509338379,31.596149444580078
913,baku,-1.4992895126342773,27.997962951660156
914,kedatangan,32.150604248046875,-11.010811805725098
915,moyang,33.67770004272461,-10.402267456054688
916,menamakan,9.513298034667969,-15.641435623168945
917,rumpun,33.556087493896484,11.215107917785645
918,indo,-32.10926055908203,24.254791259765625
919,proto,-3.8524649143218994,-14.034950256347656
920,polinesia,33.61439895629883,-13.9428129196167
921,muda,-28.41541290283203,-28.763376235961914
922,agama,-29.370214462280273,23.601741790771484
923,dalamnya,15.472478866577148,-16.986764907836914
924,puak,19.465633392333984,25.71636962890625
925,jawa,-31.804258346557617,25.796411514282227
926,utara,-10.689566612243652,22.22856330871582
927,pinjaman,14.811439514160156,32.414649963378906
928,sanskerta,-2.074000120162964,26.779346466064453
929,berbahasa,-31.61417007446289,24.841848373413086
930,dekat,-13.467227935791016,28.15726089477539
931,adanya,16.651811599731445,28.25412368774414
932,luzon,-7.2891011238098145,-10.122819900512695
933,putra,-28.11199378967285,-26.34657096862793
934,melaka,11.543192863464355,31.03169822692871
935,kelak,17.07761573791504,-16.611032485961914
936,laporan,7.912698268890381,-52.73772048950195
937,portugal,-27.370418548583984,-29.138118743896484
938,menyebutkan,34.10989761352539,3.7348971366882324
939,pedagang,-15.57387638092041,-12.200051307678223
940,parsi,14.998600006103516,32.49171447753906
941,kitab,11.45981502532959,30.899372100830078
942,kursi,14.414894104003906,-16.010778427124023
943,dewan,36.17793655395508,-4.983376979827881
944,belanda,-5.634214401245117,22.119279861450195
945,spanyol,36.19696807861328,1.8054444789886475
946,kebiasaan,17.797739028930664,-18.17897605895996
947,gereja,-15.486702919006348,24.898849487304688
948,bola,24.727169036865234,22.39712142944336
949,memberi,-13.009265899658203,-44.98771667480469
950,tionghoa,-33.28564453125,25.44887924194336
951,jan,14.938935279846191,-53.59090042114258
952,temporal,6.845914840698242,-52.32880401611328
953,pelabuhan,36.536048889160156,-1.77651846408844
954,kota,32.65863037109375,21.37251853942871
955,manado,12.63052749633789,-14.930689811706543
956,ambon,28.2879638671875,-16.30140495300293
957,kupang,15.367081642150879,-15.678860664367676
958,batavia,-3.7726404666900635,-49.31391525268555
959,pengantar,-0.910693883895874,-13.861668586730957
960,kala,10.422209739685059,-16.47142791748047
961,pasar,37.12285232543945,-1.6249769926071167
962,pertengahan,36.19425582885742,7.024935722351074
963,johor,20.1158447265625,24.503726959228516
964,menulis,-28.216827392578125,-26.221101760864258
965,internasional,17.453327178955078,29.27063751220703
966,sedikit,3.6389105319976807,-14.448294639587402
967,standar,-22.62318992614746,-14.364418029785156
968,hindia,-5.87299108505249,22.27847671508789
969,pegawai,16.111684799194336,-16.30524253845215
970,pribumi,-9.850497245788574,28.3159236907959
971,sekolah,3.909104585647583,29.57762908935547
972,karya,-9.087250709533691,28.570070266723633
973,mengadopsi,-25.740455627441406,-18.057802200317383
974,ejaan,-36.86945343017578,23.250913619995117
975,ophuijsen,-26.483722686767578,27.54087257385254
976,persekutuan,-13.100123405456543,-10.431012153625488
977,logat,14.372613906860352,-17.988719940185547
978,soetan,31.633935928344727,11.835674285888672
979,ma,34.52768325805664,6.910644054412842
980,moer,-0.9696862101554871,-12.032610893249512
981,de,30.61937141418457,16.129451751708984
982,bacaan,33.26028060913086,-10.664558410644531
983,pimpinan,35.031639099121094,-3.455190420150757
984,program,17.667972564697266,-15.561515808105469
985,taman,34.15587615966797,6.318901538848877
986,perpustakaan,25.593538284301758,21.81334686279297
987,november,-4.725280284881592,26.028772354125977
988,diakui,17.82364845275879,26.193124771118164
989,yamin,33.75605392456055,-9.917320251464844
990,sastrawan,28.202096939086914,-14.668832778930664
991,depan,-22.67889404296875,-14.554637908935547
992,bisa,-23.013607025146484,26.267995834350586
993,tapi,5.788487911224365,-52.233619689941406
994,selanjutnya,6.724122047424316,29.54149055480957
995,sutan,36.632076263427734,1.7113944292068481
996,takdir,-26.284725189208984,-18.195716857910156
997,alisyahbana,-21.523271560668945,-37.99065399169922
998,menambah,8.267215728759766,-16.242826461791992
999,badan,-17.628005981445312,26.003808975219727
1000,diberi,32.786895751953125,-11.8607759475708
1001,kesehatan,-18.631877899169922,-10.911274909973145
1002,juni,-8.045991897583008,-47.10946273803711
1003,volksraad,16.528715133666992,-17.91147804260254
1004,mengusulkan,12.44699764251709,30.906063079833984
1005,agar,26.15725326538086,22.264780044555664
1006,berdiri,-2.203627109527588,-12.433388710021973
1007,angkatan,34.61153030395508,-6.2002339363098145
1008,dirinya,27.821578979492188,18.147539138793945
1009,pembinaan,6.122903347015381,31.09670066833496
1010,berlaku,33.04681396484375,11.998290061950684
1011,diselenggarakan,-4.969037055969238,25.792821884155273
1012,medan,-21.903650283813477,-13.909502983093262
1013,ditetapkan,4.2126264572143555,-51.42330551147461
1014,disempurnakan,-25.695886611938477,26.5364933013916
1015,eyd,-14.913429260253906,29.64997100830078
1016,keputusan,17.2713623046875,-17.097885131835938
1017,pendidikan,-10.311732292175293,30.113317489624023
1018,pedoman,-16.82829475402832,26.04986572265625
1019,iii,4.059149265289307,27.502532958984375
1020,diadakan,-22.33844566345215,-36.93933868408203
1021,memperingati,-5.663381099700928,-13.128351211547852
1022,kedudukan,37.74932861328125,3.1859381198883057
1023,iv,7.275346755981445,-52.6633186340332
1024,mungkin,-8.820914268493652,-46.2453727722168
1025,v,-18.568618774414062,22.483999252319336
1026,tamu,25.91900634765625,-16.48430061340332
1027,brunei,-11.17394733428955,-12.356017112731934
1028,singapura,-23.79622459411621,-35.42079544067383
1029,india,25.237751007080078,20.944774627685547
1030,jepang,29.77022933959961,21.812711715698242
1031,rusia,32.666358947753906,21.374404907226562
1032,serikat,-18.826223373413086,-40.857845306396484
1033,charles,-32.39999008178711,22.01373863220215
1034,akhiran,-5.926393032073975,-13.0147705078125
1035,diftong,6.777515888214111,18.87350845336914
1036,menuliskan,-29.788270950317383,-21.51091766357422
1037,oe,28.45733070373535,13.437704086303711
1038,tanda,36.82637023925781,-3.9727351665496826
1039,bunyi,35.51084899902344,-9.361308097839355
1040,hamzah,-1.899315357208252,-50.703208923339844
1041,ditulis,29.419906616210938,18.654747009277344
1042,k,1.186698317527771,18.233911514282227
1043,angka,5.043750286102295,-15.241170883178711
1044,ber,-14.723140716552734,-11.683320045471191
1045,jalan,13.340486526489258,-16.110580444335938
1046,awalan,-25.51341438293457,-31.875051498413086
1047,pembaharuan,10.79947566986084,32.187774658203125
1048,pernah,-7.658498764038086,-47.707252502441406
1049,melindo,10.821991920471191,32.14935302734375
1050,ch,31.854578018188477,-8.488866806030273
1051,kh,7.539084434509277,-17.467735290527344
1052,catatan,16.034896850585938,28.138916015625
1053,ebi,37.523216247558594,2.6297225952148438
1054,serapan,-20.287277221679688,33.37482452392578
1055,bhs,-35.32014465332031,25.92204475402832
1056,adapun,12.602400779724121,-53.69861602783203
1057,diserap,-13.906828880310059,-43.948753356933594
1058,kosakata,-7.832724094390869,-13.551010131835938
1059,aceh,29.474063873291016,18.68801498413086
1060,didasarkan,-25.116437911987305,-17.653837203979492
1061,perkotaan,5.969951629638672,26.612083435058594
1062,betawi,29.437353134155273,14.436917304992676
1063,kadang,29.39617919921875,12.61632251739502
1064,lah,-26.308847427368164,-20.839088439941406
1065,kami,-22.346498489379883,-38.505653381347656
1066,putri,-2.649155378341675,-13.068024635314941
1067,lagu,31.768997192382812,-13.465004920959473
1068,fonem,13.58155345916748,-18.041959762573242
1069,f,5.425185203552246,17.776758193969727
1070,vokal,7.653500080108643,-52.390342712402344
1071,ipa,1.431857705116272,16.533388137817383
1072,hampir,-1.0937916040420532,-51.464534759521484
1073,w,1.1880069971084595,18.867156982421875
1074,konsonan,-13.819412231445312,25.34147834777832
1075,langit,8.674348831176758,-14.286795616149902
1076,br,-18.301870346069336,-41.726619720458984
1077,suara,18.046220779418945,26.841026306152344
1078,l,5.84919548034668,17.82709503173828
1079,pengaruh,29.574970245361328,14.5701904296875
1080,st,-28.390274047851562,-23.901165008544922
1081,q,-30.421180725097656,-26.995141983032227
1082,ganti,7.914443492889404,-15.236674308776855
1083,contohnya,-7.072312355041504,-48.00035858154297
1084,sang,-12.829837799072266,-11.057997703552246
1085,imbuhan,-23.336891174316406,-15.78870964050293
1086,verba,34.33427047729492,-12.232865333557129
1087,per,15.428023338317871,-17.452007293701172
1088,ter,-23.629898071289062,-36.465965270996094
1089,meng,-15.000943183898926,-44.47882843017578
1090,pe,-28.34903335571289,-29.68717384338379
1091,ku,-3.1961607933044434,-49.58829879760742
1092,nomina,-26.515178680419922,-31.51535415649414
1093,lihat,10.052170753479004,-52.44561767578125
1094,abdullah,8.716254234313965,-52.26424026489258
1095,pribadi,-20.857213973999023,-38.55636215209961
1096,berjumlah,-15.48969841003418,-43.98371124267578
1097,pembicaraan,16.610023498535156,-18.494176864624023
1098,panggung,-29.551616668701172,-24.024845123291016
1099,kenyataannya,-14.18321704864502,-44.41416931152344
1100,komunikasi,-27.34180450439453,-19.254751205444336
1101,wangsa,-17.8807373046875,24.207763671875
1102,emas,-6.2519073486328125,-48.62283706665039
1103,pallawa,35.6482048034668,-5.931307315826416
1104,pasca,-18.467071533203125,-12.699009895324707
1105,bukit,-27.18950843811035,-28.247722625732422
1106,george,12.331673622131348,-53.30620193481445
1107,saka,-20.54450798034668,-11.055996894836426
1108,beraksara,35.93621826171875,-6.399117946624756
1109,louis,-21.870756149291992,-39.552978515625
1110,kabupaten,-3.1476387977600098,-12.82404899597168
1111,sojomerto,-24.114423751831055,-34.1716194152832
1112,hlm,10.7217378616333,-52.76067352294922
1113,suruaso,2.4797921180725098,-51.22440719604492
1114,desember,-26.58393096923828,-19.47673797607422
1115,kantor,-5.8416314125061035,-48.920711517333984
1116,kalimat,-24.000911712646484,-34.71120834350586
1117,pronomina,14.528202056884766,-53.93087387084961
1118,sekitarnya,15.520795822143555,-54.18301010131836
1119,tercatat,-28.365684509277344,-28.007410049438477
1120,hikayat,18.263961791992188,-16.972532272338867
1121,penguasa,34.17443084716797,-4.140373706817627
1122,kesusasteraan,-15.557241439819336,-43.2108039855957
1123,baris,-11.722142219543457,26.331586837768555
1124,sajak,13.729137420654297,-53.889522552490234
1125,kejayaan,-16.17606544494629,-11.787988662719727
1126,mencapai,21.036327362060547,26.215290069580078
1127,administratif,-12.704105377197266,-11.641519546508789
1128,moskwa,32.669944763183594,21.36396598815918
1129,federasi,34.22159194946289,-2.6578500270843506
1130,sekaligus,13.497687339782715,-53.21284484863281
1131,sains,27.177989959716797,19.914892196655273
1132,berpenduduk,-10.7567720413208,-45.598548889160156
1133,pyotr,16.481689453125,-15.387334823608398
1134,agung,26.101329803466797,21.146286010742188
1135,kekaisaran,31.84756088256836,16.292844772338867
1136,baltik,1.8934837579727173,-50.78103256225586
1137,vladimir,-23.842117309570312,-35.423439025878906
1138,uni,8.09160041809082,24.64105796813965
1139,soviet,8.074286460876465,24.63894271850586
1140,transportasi,-19.457050323486328,-13.409931182861328
1141,bandar,30.54832649230957,11.384183883666992
1142,udara,23.5124568939209,24.496280670166016
1143,sembilan,-22.845863342285156,-37.70280075073242
1144,stasiun,34.44740676879883,9.218185424804688
1145,kereta,-17.429182052612305,37.62662887573242
1146,api,31.12915802001953,-15.049101829528809
1147,metro,-6.720329284667969,28.38468360900879
1148,tokyo,3.574486494064331,-51.29784393310547
1149,metropolitan,34.07040786743164,-5.336700439453125
1150,kremlin,13.0043306350708,-52.98051452636719
1151,yuri,4.616848945617676,-51.2126579284668
1152,pangeran,-10.692011833190918,-10.619695663452148
1153,pembangunan,-9.897534370422363,-10.475131034851074
1154,kayu,-10.83542537689209,-46.57456588745117
1155,sedang,23.48230743408203,-16.820236206054688
1156,mongol,-10.904398918151855,-45.936580657958984
1157,membumihanguskan,-17.74608039855957,-41.763671875
1158,kepemimpinan,-11.772153854370117,-45.878013610839844
1159,ivan,5.015008449554443,-16.233606338500977
1160,satunya,29.732351303100586,-14.770862579345703
1161,pajak,-17.402671813964844,-11.64716911315918
1162,tatar,-11.402918815612793,-45.66206359863281
1163,khan,16.80443572998047,-54.195430755615234
1164,gelar,-28.612571716308594,-25.180347442626953
1165,rata,38.138648986816406,0.14261779189109802
1166,bersatu,-11.678823471069336,22.301959991455078
1167,kemenangan,18.33185386657715,27.258298873901367
1168,menyerang,-27.32526969909668,-25.612525939941406
1169,pertahanan,-10.42774486541748,-47.998756408691406
1170,krimea,14.243280410766602,-53.317665100097656
1171,jacob,15.140076637268066,-53.59481430053711
1172,pulang,-4.428145885467529,-49.165916442871094
1173,persemakmuran,-17.680614471435547,-12.268915176391602
1174,polandia,-18.623519897460938,-13.220867156982422
1175,lituania,1.2182949781417847,-50.47526550292969
1176,memasuki,-14.935689926147461,-9.7888822555542
1177,mengalahkan,-2.863581657409668,-12.08681583404541
1178,wabah,-17.566469192504883,-42.12336730957031
1179,pes,11.497659683227539,-52.86492919921875
1180,perancis,-17.552263259887695,23.715970993041992
1181,lautan,20.466699600219727,-17.49169921875
1182,napoleon,35.29420471191406,7.64773416519165
1183,musim,-7.247451305389404,-10.741332054138184
1184,bulan,27.27777862548828,-16.062915802001953
1185,januari,3.879340887069702,-51.78053665161133
1186,gubernur,34.35643768310547,-3.499746322631836
1187,alexander,-8.567689895629883,-10.570125579833984
1188,merah,0.18999192118644714,-50.13862609863281
1189,nazi,-9.51090145111084,-47.29566955566406
1190,batas,26.4422550201416,21.58479118347168
1191,pabrik,-24.46620750427246,-15.57503604888916
1192,musuh,-12.041090965270996,-10.474749565124512
1193,bertahan,12.015152931213379,-15.774450302124023
1194,menolak,-9.000758171081543,-47.04216766357422
1195,pergi,-27.75511932373047,-20.85984992980957
1196,dibuka,0.6146188378334045,-50.69275665283203
1197,berakhir,35.91392135620117,4.724878787994385
1198,diperkirakan,3.0496490001678467,30.474016189575195
1199,jiwa,27.417644500732422,19.583898544311523
1200,ensiklopedia,17.695980072021484,-55.760501861572266
1201,tuan,4.485908031463623,-52.15113067626953
1202,rumah,36.34004211425781,3.158535957336426
1203,olimpiade,9.21746826171875,-53.02936935424805
1204,panas,-12.520076751708984,-44.891197204589844
1205,reformasi,11.840657234191895,-53.35047149658203
1206,mikhail,-11.37161922454834,-46.6610107421875
1207,jasa,4.501043319702148,-51.70686721801758
1208,bangsanya,13.043548583984375,-53.809627532958984
1209,permanen,-26.863128662109375,-31.45541000366211
1210,dihuni,28.013296127319336,-16.614315032958984
1211,kristen,4.608100891113281,29.857606887817383
1212,ortodoks,-0.7131091952323914,-50.5979118347168
1213,disahkan,-19.628822326660156,-38.877655029296875
1214,katolik,11.348984718322754,28.487037658691406
1215,rubel,12.419332504272461,-15.692977905273438
1216,keuangan,16.52786636352539,-15.793421745300293
1217,perusahaan,11.952009201049805,28.138328552246094
1218,sektor,-20.1882381439209,-13.122052192687988
1219,miliuner,-13.03257942199707,-11.399922370910645
1220,milyar,-20.641698837280273,-38.56979751586914
1221,new,-24.616987228393555,-34.70828628540039
1222,york,19.996761322021484,26.682600021362305
1223,memproduksi,-16.99081802368164,-42.75326919555664
1224,biaya,-10.526033401489258,-46.528594970703125
1225,hak,24.975446701049805,21.35578727722168
1226,termahal,-17.21318244934082,-42.96489334106445
1227,menempati,-6.3566575050354,-48.6329460144043
1228,didirikan,3.773768901824951,29.15744400024414
1229,tertinggi,30.405763626098633,-14.898456573486328
1230,mahasiswa,-24.785375595092773,-35.36577606201172
1231,koleksi,-28.449501037597656,-27.129636764526367
1232,of,5.816902160644531,28.04554557800293
1233,manajemen,-27.73458480834961,-27.57931900024414
1234,sergei,7.613311767578125,-51.96587371826172
1235,institut,-7.73159646987915,29.065711975097656
1236,sinematografi,17.15471649169922,-54.569210052490234
1237,penerbangan,6.660451412200928,-15.4409818649292
1238,km,37.74395751953125,4.195716381072998
1239,item,1.0700420141220093,-50.80316925048828
1240,peta,-26.962970733642578,-17.853458404541016
1241,the,-12.63985538482666,25.408750534057617
1242,bandara,10.486358642578125,-15.768317222595215
1243,komersial,-26.946826934814453,-30.828319549560547
1244,melayani,-19.935277938842773,-39.88895034790039
1245,sheremetyevo,-21.428539276123047,-37.422115325927734
1246,domodedovo,-26.54640007019043,-28.431913375854492
1247,vnukovo,-20.134374618530273,-39.053958892822266
1248,penumpang,-28.232376098632812,-20.218944549560547
1249,berjarak,-9.892321586608887,-12.825688362121582
1250,mi,15.069823265075684,-54.036319732666016
1251,terminal,-17.42442512512207,37.62825012207031
1252,sejauh,5.179276466369629,-52.09262466430664
1253,pantai,1.9658516645431519,-51.12166213989258
1254,pejuang,25.570781707763672,-17.498353958129883
1255,monarki,33.40275573730469,9.049213409423828
1256,gurindam,30.192108154296875,14.487321853637695
1257,puisi,30.139156341552734,13.77573299407959
1258,berisikan,15.494760513305664,-18.000795364379883
1259,karmina,4.956867694854736,-51.411869049072266
1260,pantun,1.135637640953064,30.925273895263672
1261,sampiran,-17.33001708984375,-11.154378890991211
1262,isi,-26.254697799682617,-30.849916458129883
1263,seloka,25.43549919128418,19.548688888549805
1264,syair,28.471033096313477,16.40025520324707
1265,talibun,-7.347496032714844,-11.953634262084961
1266,beli,-19.872617721557617,-13.16376781463623
1267,voc,30.24776268005371,20.524009704589844
1268,diserahkan,-5.626984596252441,-49.48127365112305
1269,jajahan,-21.27408790588379,-13.997673034667969
1270,johannes,-22.836471557617188,-38.325199127197266
1271,joseph,12.805965423583984,-53.779998779296875
1272,kedaulatan,-0.7032454609870911,-50.2124137878418
1273,pieter,17.599573135375977,-55.380130767822266
1274,cornelis,0.3793414533138275,-50.85113525390625
1275,willem,16.433250427246094,-54.65611267089844
1276,dirk,9.681408882141113,-52.923831939697266
1277,albertus,17.81113624572754,-56.38139724731445
1278,der,17.28610610961914,-54.788299560546875
1279,lord,-19.608783721923828,-40.26767349243164
1280,top,-7.726830959320068,-48.45210647583008
1281,indi,-27.13764762878418,-26.29691505432129
1282,imperium,-9.867919921875,26.69839859008789
1283,vereenigde,-26.78875732421875,-19.05877113342285
1284,compagnie,-25.363080978393555,-17.005006790161133
1285,rempah,31.74458122253418,15.008622169494629
1286,in,-22.564741134643555,-12.690571784973145
1287,dutch,1.4447758197784424,-51.36785125732422
1288,and,-13.211584091186523,-46.648868560791016
1289,etimologi,7.991407871246338,-52.10549545288086
1290,sejarawan,-26.726240158081055,-31.265485763549805
1291,menggabungkan,27.77326202392578,-17.058530807495117
1292,memperkenalkan,-16.074787139892578,-10.755005836486816
1293,status,17.335060119628906,-15.853527069091797
1294,eurasia,-28.201183319091797,-26.99456214904785
1295,kelas,-28.64144515991211,-22.811704635620117
1296,kebijakan,35.311744689941406,-4.683581829071045
1297,mayoritas,-20.86693000793457,-12.87649154663086
1298,pertanian,35.34613037109375,-2.588005542755127
1299,sepak,36.7236328125,3.4953596591949463
1300,tim,-5.14616584777832,-11.394886016845703
1301,merujuk,27.848779678344727,-14.865099906921387
1302,england,21.791318893432617,26.05628776550293
1303,skotlandia,-12.6643648147583,22.150047302246094
1304,sebelah,33.000030517578125,-6.257676601409912
1305,wales,-14.708189010620117,22.224590301513672
1306,irlandia,-13.476712226867676,22.10984992980957
1307,keltik,20.482229232788086,25.440982818603516
1308,daya,32.558250427246094,10.320502281188965
1309,selat,-13.4241304397583,-44.78617858886719
1310,atlantik,14.236830711364746,-15.263628005981445
1311,isles,-29.297889709472656,-26.805509567260742
1312,scilly,13.971877098083496,-53.08806228637695
1313,paleolitikum,6.40714693069458,-14.736062049865723
1314,angles,8.481555938720703,30.78287124633789
1315,jermanik,-23.378131866455078,24.390989303588867
1316,menetap,-6.608867645263672,29.597211837768555
1317,royal,-18.52735137939453,-11.73929214477539
1318,society,-1.59725821018219,-13.912723541259766
1319,pegunungan,-5.006164073944092,-49.423519134521484
1320,danau,-11.319620132446289,-10.850724220275879
1321,district,-28.36437225341797,-24.382633209228516
1322,pennines,-19.338699340820312,-12.563081741333008
1323,yorkshire,26.96535301208496,20.806432723999023
1324,dales,5.178153038024902,-51.980499267578125
1325,london,10.202726364135742,22.537256240844727
1326,midlands,27.639633178710938,-17.866178512573242
1327,great,5.830564498901367,-15.770699501037598
1328,britain,16.84478187561035,-16.193925857543945
1329,county,11.412005424499512,27.558120727539062
1330,english,8.940254211425781,-52.54724884033203
1331,menyebut,27.558473587036133,-15.278998374938965
1332,saxon,11.724295616149902,-16.862363815307617
1333,albion,0.7887001037597656,-51.27747344970703
1334,sm,-10.447383880615234,-47.32331466674805
1335,terkait,-19.03107261657715,-11.985984802246094
1336,arthur,-7.013881683349609,-49.44362258911133
1337,sometimes,-5.953487873077393,-10.154293060302734
1338,stonehenge,-22.25284194946289,-37.75850296020508
1339,with,32.58338928222656,-8.396734237670898
1340,menghuni,-23.96580696105957,-14.603365898132324
1341,iberia,-10.130023956298828,-47.68779373168945
1342,perunggu,33.82549285888672,-7.299266338348389
1343,besi,22.74716567993164,-16.526811599731445
1344,boudica,-28.745899200439453,-25.896650314331055
1345,romawi,-27.662132263183594,22.030799865722656
1346,penaklukan,35.597076416015625,6.502251148223877
1347,misionaris,-4.607787132263184,-11.066788673400879
1348,jatuhnya,35.44598388671875,-4.539771556854248
1349,northumbria,5.504978179931641,-15.188586235046387
1350,mercia,25.81260108947754,21.116334915161133
1351,wessex,29.239858627319336,-14.991645812988281
1352,anglia,11.375826835632324,-14.829000473022461
1353,kent,-26.660991668701172,-16.951263427734375
1354,sussex,10.165938377380371,-52.486080169677734
1355,menaklukkan,20.678722381591797,-16.990718841552734
1356,edward,24.911479949951172,24.51639747619629
1357,plantagenet,10.316611289978027,-15.056711196899414
1358,mewarisi,-4.732283592224121,-11.11591625213623
1359,takhta,-26.891305923461914,23.069801330566406
1360,richard,4.798650741577148,27.994733810424805
1361,tudor,33.16343307495117,-11.536589622497559
1362,viii,-9.867507934570312,26.386003494262695
1363,mary,17.14621925354004,-15.17237377166748
1364,elizabeth,16.200162887573242,-14.829326629638672
1365,menciptakan,-27.240964889526367,-28.05607032775879
1366,alkitab,35.33302688598633,4.018668174743652
1367,restorasi,-18.44603729248047,24.07549476623535
1368,pendukung,-2.0750231742858887,-13.288339614868164
1369,parlemen,-15.020708084106445,22.60344696044922
1370,masingnya,-1.9021892547607422,-50.2015495300293
1371,cromwell,5.222543239593506,-14.473093032836914
1372,faksi,-13.396140098571777,-10.563887596130371
1373,tory,-16.330263137817383,-43.514183044433594
1374,whig,-7.143223762512207,-48.62236785888672
1375,liberal,-23.741071701049805,-36.85300827026367
1376,manchester,-23.913888931274414,-35.02602005004883
1377,birmingham,16.987775802612305,-54.743934631347656
1378,rencana,-1.8366180658340454,-49.753623962402344
1379,blok,-27.54989242553711,-25.005441665649414
1380,sekutu,-23.355146408081055,-37.40108871459961
1381,gratis,8.128763198852539,-52.66508865356445
1382,sesuai,15.780187606811523,-53.878726959228516
1383,devolusi,36.09789276123047,3.8808727264404297
1384,referendum,8.122631072998047,-51.91624069213867
1385,majelis,-25.743459701538086,-32.51341247558594
1386,pemilihan,10.316462516784668,-53.216060638427734
1387,partai,-5.767343044281006,29.176464080810547
1388,konservatif,-25.079984664916992,-15.833866119384766
1389,demokratik,12.220183372497559,-52.87986755371094
1390,buruh,13.940916061401367,-53.86174011230469
1391,region,20.231576919555664,-17.82378387451172
1392,hijau,-15.720745086669922,-42.83705520629883
1393,west,15.433746337890625,-16.624736785888672
1394,pengadilan,34.485721588134766,-1.2456589937210083
1395,mahkamah,16.210676193237305,-54.51533126831055
1396,otoritas,-6.590625286102295,-47.60041809082031
1397,terbagi,-27.006547927856445,-26.924518585205078
1398,distrik,-27.60508155822754,-29.734262466430664
1399,borough,37.68533706665039,1.132400393486023
1400,city,-10.7688570022583,-10.203424453735352
1401,paroki,-6.025279998779297,-11.273426055908203
1402,lanskap,17.759435653686523,-56.114013671875
1403,convert,-28.905778884887695,-26.646432876586914
1404,liverpool,-23.770597457885742,-14.38155460357666
1405,newcastle,-2.4869656562805176,-13.787821769714355
1406,upon,10.657052993774414,-53.02274703979492
1407,tyne,-25.058828353881836,-34.09651184082031
1408,thames,12.770147323608398,-52.86262512207031
1409,bristol,3.619619131088257,-51.605186462402344
1410,south,-16.2460880279541,-43.09913635253906
1411,iklim,-26.848424911499023,-16.585582733154297
1412,suhu,12.84038257598877,-53.301025390625
1413,hujan,16.644046783447266,-54.06157684326172
1414,permukiman,-5.363704204559326,-48.58599853515625
1415,sheffield,-15.715167999267578,-42.927215576171875
1416,leeds,11.194296836853027,-52.724159240722656
1417,bradford,14.058960914611816,-53.334381103515625
1418,nottingham,1.3477977514266968,-50.824466705322266
1419,nottinghamshire,1.6461421251296997,-50.240928649902344
